{
  "predictions": "D:\\05_fourteen\\ustc-life\\2026spring\\DL\\Final_Project\\outputs\\runs\\gru_l20_clean_alpha_resid_style_strictmask_leaky0005\\predictions.parquet",
  "execution_labels": "data\\mart\\labels\\execution_labels_v20260526.parquet",
  "rows_after_merge": 71611,
  "k": [
    20
  ],
  "keep_multiplier": [
    2.0
  ],
  "cost_bps": 10.0,
  "slippage_bps": 5.0,
  "portfolio_nav": 10000000.0,
  "participation_cap": 0.03,
  "rebalance_stride": 5,
  "method": "t1_open_fill_simulation_with_rank_buffer",
  "summary": {
    "test": {
      "top_20_keep_2x": {
        "net": {
          "period_count": 66,
          "mean": 0.007485220960650237,
          "std": 0.03485206518922122,
          "ir": 0.2147712314897543,
          "win_rate": 0.5909090909090909,
          "cumulative_return": 0.572494644493099,
          "annualized_return": 0.4129364950012713,
          "annualized_vol": 0.24742511791826585,
          "sharpe_like": 1.6689352256373593,
          "max_drawdown": -0.15225434926741388
        },
        "gross": {
          "period_count": 66,
          "mean": 0.007621075311246849,
          "std": 0.034847542826587245,
          "ir": 0.21869763814257462,
          "win_rate": 0.5909090909090909,
          "cumulative_return": 0.5865819771343106,
          "annualized_return": 0.42259234431524195,
          "annualized_vol": 0.24739301232848504,
          "sharpe_like": 1.7081822171845729,
          "max_drawdown": -0.15199652292697796
        },
        "excess_vs_benchmark": {
          "period_count": 66,
          "mean": -0.0022198449363223477,
          "std": 0.02209312764091096,
          "ir": -0.10047671712228506,
          "win_rate": 0.48484848484848486,
          "cumulative_return": -0.1500583643418032,
          "annualized_return": -0.11675954582834525,
          "annualized_vol": 0.1568456469381992,
          "sharpe_like": -0.7444232473621101,
          "max_drawdown": -0.2836089069247718
        },
        "excess_vs_executable_universe": {
          "period_count": 66,
          "mean": -0.001037980642595921,
          "std": 0.01280417986277779,
          "ir": -0.08106576553281385,
          "win_rate": 0.4090909090909091,
          "cumulative_return": -0.0712054646628687,
          "annualized_return": -0.054846647048859776,
          "annualized_vol": 0.09090065955042109,
          "sharpe_like": -0.6033690769695378,
          "max_drawdown": -0.16174939998301552
        },
        "benchmark": {
          "period_count": 66,
          "mean": 0.009705065896972585,
          "std": 0.036774409962209785,
          "ir": 0.2639081335892467,
          "win_rate": 0.6666666666666666,
          "cumulative_return": 0.8097539833295502,
          "annualized_return": 0.5729961137040167,
          "annualized_vol": 0.2610724119754157,
          "sharpe_like": 2.194778488345118,
          "max_drawdown": -0.20929141825807052
        },
        "executable_universe": {
          "period_count": 66,
          "mean": 0.008523201603246159,
          "std": 0.03522354969227778,
          "ir": 0.24197452209408468,
          "win_rate": 0.6060606060606061,
          "cumulative_return": 0.6810598032066906,
          "annualized_return": 0.4868375024578151,
          "annualized_vol": 0.2500623962681871,
          "sharpe_like": 1.946864101612828,
          "max_drawdown": -0.19594841593141
        },
        "average_desired_turnover": 1.016234574246904,
        "average_filled_turnover": 0.09056956706440832,
        "average_transaction_cost": 0.00013585435059661243,
        "average_buy_reject_count": 0.030303030303030304,
        "average_sell_reject_count": 6.4393939393939394,
        "average_partial_fill_count": 29.59090909090909,
        "average_position_count": 38.10606060606061
      }
    },
    "validation": {
      "top_20_keep_2x": {
        "net": {
          "period_count": 97,
          "mean": 0.000999631060838031,
          "std": 0.04494185476391605,
          "ir": 0.022242763813135672,
          "win_rate": 0.4948453608247423,
          "cumulative_return": 0.004203436386730708,
          "annualized_return": 0.0021818528874837373,
          "annualized_vol": 0.31905551806056354,
          "sharpe_like": 0.0068384740710536,
          "max_drawdown": -0.326765513932066
        },
        "gross": {
          "period_count": 97,
          "mean": 0.001064386093625339,
          "std": 0.04494655035602101,
          "ir": 0.023681152061600975,
          "win_rate": 0.4948453608247423,
          "cumulative_return": 0.010519528319063554,
          "annualized_return": 0.005452076676858875,
          "annualized_vol": 0.31908885345758975,
          "sharpe_like": 0.017086390257074625,
          "max_drawdown": -0.32539650604575154
        },
        "excess_vs_benchmark": {
          "period_count": 97,
          "mean": 9.269887742392728e-05,
          "std": 0.014703019867051052,
          "ir": 0.0063047508785363335,
          "win_rate": 0.5360824742268041,
          "cumulative_return": -0.0014086559162097556,
          "annualized_return": -0.0007321680179674939,
          "annualized_vol": 0.10438108630316728,
          "sharpe_like": -0.007014374384272694,
          "max_drawdown": -0.15596916352093282
        },
        "excess_vs_executable_universe": {
          "period_count": 97,
          "mean": 0.0014640035474846344,
          "std": 0.012166861784985772,
          "ir": 0.12032712899650536,
          "win_rate": 0.5051546391752577,
          "cumulative_return": 0.1443339569865707,
          "annualized_return": 0.0725642146176868,
          "annualized_vol": 0.08637615003590596,
          "sharpe_like": 0.8400954961238997,
          "max_drawdown": -0.06211160243193359
        },
        "benchmark": {
          "period_count": 97,
          "mean": 0.0009069321834141035,
          "std": 0.04521247715614356,
          "ir": 0.020059334070149877,
          "win_rate": 0.422680412371134,
          "cumulative_return": -0.004040529499124923,
          "annualized_return": -0.002101450817675654,
          "annualized_vol": 0.320976746456777,
          "sharpe_like": -0.006547050030487605,
          "max_drawdown": -0.3685464325947593
        },
        "executable_universe": {
          "period_count": 97,
          "mean": -0.0004643724866466043,
          "std": 0.04636934392288398,
          "ir": -0.010014644317997982,
          "win_rate": 0.4020618556701031,
          "cumulative_return": -0.13314023879869685,
          "annualized_return": -0.07154900298426148,
          "annualized_vol": 0.3291896857653204,
          "sharpe_like": -0.21734886018047608,
          "max_drawdown": -0.4069928394497899
        },
        "average_desired_turnover": 1.1716754237065408,
        "average_filled_turnover": 0.04317002185820675,
        "average_transaction_cost": 6.475503278731011e-05,
        "average_buy_reject_count": 0.0,
        "average_sell_reject_count": 5.134020618556701,
        "average_partial_fill_count": 31.422680412371133,
        "average_position_count": 38.49484536082474
      }
    }
  }
}