run,k,top_ann,excess_univ_ann,ls_ann,top_turnover,ls_turnover
old_full62,10,0.8846836470667634,0.2871390287883804,0.49001580884416596,1.5272727272727273,2.736363636363637
old_full62,20,0.6414514892545453,0.11860455924185276,0.25932630438194937,1.1636363636363642,2.215151515151516
old_full62,30,0.6172892424536269,0.1051750381869827,0.24559613917291445,0.9585858585858587,1.8333333333333335
old_full62_strictmask_overlay,10,0.9390275250768361,0.2956408995780746,0.4532411938772858,1.484848484848485,2.687878787878788
old_full62_strictmask_overlay,20,0.7277119201359696,0.14939576643614494,0.3214345145449615,1.1151515151515154,2.1454545454545464
old_full62_strictmask_overlay,30,0.6575627263912185,0.10637059434947482,0.2870963454192854,0.8969696969696968,1.7404040404040406
legacy62_strictmask_retrain,10,0.6185133587102862,0.08310729960744645,0.04926846401150953,1.4545454545454548,2.7757575757575763
legacy62_strictmask_retrain,20,0.5410305240294773,0.0297116188682367,0.003685656767850931,1.1909090909090914,2.3045454545454547
legacy62_strictmask_retrain,30,0.5440769087642245,0.03339356315275266,0.0412037754543606,0.9696969696969697,1.9191919191919191
