run,k,top_mean,spread_mean,spread_ir,top_excess_mean
old_full62,10,0.0013917711784385178,0.009081274874119681,0.24439585705903796,0.004064256127962297
old_full62,20,0.00020858356003102132,0.006994190308413384,0.29501515856636157,0.0028810685095548
old_full62,30,-8.235439094690162e-05,0.006299992765465681,0.33521098378269215,0.002590130558576877
old_full62_strictmask_overlay,10,0.002297335552985109,0.009110322980427623,0.24299564575700236,0.0044007077385326615
old_full62_strictmask_overlay,20,0.0009342726075609206,0.007231650508318866,0.30457535144754966,0.003037644793108473
old_full62_strictmask_overlay,30,0.0008935109476721103,0.006878928361993945,0.3597511357353002,0.0029968831332196624
legacy62_strictmask_retrain,10,-0.0008564383494412055,0.0012246825365413298,0.04316834275436527,0.0012634361392858996
legacy62_strictmask_retrain,20,-0.0010808724124040483,0.0012731147955525079,0.05670609258657793,0.0010390020763230568
legacy62_strictmask_retrain,30,-0.0008461119340025709,0.0021282467067199736,0.11212605243402,0.001273762554724534
