{
  "output": "data\\mart\\labels\\execution_labels_v20260526.parquet",
  "rows": 10719660,
  "trade_dates": 2521,
  "stocks": 5761,
  "date_min": "20160104",
  "date_max": "20260525",
  "holding_days": 5,
  "buy_executable_rate": 0.9585591334053506,
  "sell_executable_rate": 0.9673162208502881,
  "execution_return_coverage": 0.9973137207709946
}