{
  "mainline": {
    "name": "cls_l60_mse_t1_top20_keep2",
    "description": "CLS L60 MSE Transformer T+1 open-fill Top20 keep2x execution."
  },
  "config": "D:\\YangXiran\\USTC\\0_Math\\DeepLearning\\Final\\DeepLearning_2026_Final_Project\\configs\\backtest\\cls_l60_mse_t1_top20_keep2.yaml",
  "predictions": "D:\\YangXiran\\USTC\\0_Math\\DeepLearning\\Final\\DeepLearning_2026_Final_Project\\outputs\\runs\\transformer_l60_clean_alpha_only_purgedwf\\predictions.parquet",
  "execution_labels": "D:\\YangXiran\\USTC\\0_Math\\DeepLearning\\Final\\DeepLearning_2026_Final_Project\\data\\mart\\labels\\execution_labels_v20260526.parquet",
  "output_dir": "D:\\YangXiran\\USTC\\0_Math\\DeepLearning\\Final\\DeepLearning_2026_Final_Project\\outputs\\backtest\\cls_l60_mse_t1_top20_keep2_mainline",
  "rows_after_merge": 67227,
  "execution": {
    "k": 20,
    "keep_multiplier": 2.0,
    "cost_bps": 10.0,
    "slippage_bps": 5.0,
    "portfolio_nav": 10000000.0,
    "participation_cap": 0.03,
    "rebalance_stride": 5,
    "min_daily_count": 20
  },
  "summary": {
    "test": {
      "top_20_keep_2x": {
        "net": {
          "period_count": 63,
          "mean": 0.007080384612008723,
          "std": 0.04256056543733424,
          "ir": 0.16636021019114072,
          "win_rate": 0.6031746031746031,
          "cumulative_return": 0.479390608520166,
          "annualized_return": 0.3679375965279197,
          "annualized_vol": 0.3021500408893216,
          "sharpe_like": 1.217731413985465,
          "max_drawdown": -0.21555798369116808
        },
        "gross": {
          "period_count": 63,
          "mean": 0.00717195469135146,
          "std": 0.04256464756906045,
          "ir": 0.16849557322693862,
          "win_rate": 0.6031746031746031,
          "cumulative_return": 0.4878909312692761,
          "annualized_return": 0.3742219382641554,
          "annualized_vol": 0.30217902114969447,
          "sharpe_like": 1.2384113789248528,
          "max_drawdown": -0.21457609670871014
        },
        "excess_vs_benchmark": {
          "period_count": 63,
          "mean": -0.004134380670844872,
          "std": 0.031836685049276385,
          "ir": -0.1298621594693585,
          "win_rate": 0.38095238095238093,
          "cumulative_return": -0.25276815909925854,
          "annualized_return": -0.20792866634725315,
          "annualized_vol": 0.2260180425371206,
          "sharpe_like": -0.9199649019750425,
          "max_drawdown": -0.35733801483840266
        },
        "excess_vs_executable_universe": {
          "period_count": 63,
          "mean": -0.0013507712987285273,
          "std": 0.022062793199270427,
          "ir": -0.061223947780700526,
          "win_rate": 0.36507936507936506,
          "cumulative_return": -0.09455271385663,
          "annualized_return": -0.07638593654480086,
          "annualized_vol": 0.15663029376589377,
          "sharpe_like": -0.48768303185953604,
          "max_drawdown": -0.21368398605806782
        },
        "benchmark": {
          "period_count": 63,
          "mean": 0.011214765282853595,
          "std": 0.03386490523012011,
          "ir": 0.331161868212729,
          "win_rate": 0.6031746031746031,
          "cumulative_return": 0.9492535616087678,
          "annualized_return": 0.7056686574279982,
          "annualized_vol": 0.24041697742619766,
          "sharpe_like": 2.93518646221489,
          "max_drawdown": -0.16210444563598325
        },
        "executable_universe": {
          "period_count": 63,
          "mean": 0.00843115591073725,
          "std": 0.03085578716683789,
          "ir": 0.2732439093240374,
          "win_rate": 0.6190476190476191,
          "cumulative_return": 0.6484675549362873,
          "annualized_return": 0.4916410376015268,
          "annualized_vol": 0.21905435837922507,
          "sharpe_like": 2.2443791634147807,
          "max_drawdown": -0.13427393653682185
        },
        "average_desired_turnover": 0.7084899090417369,
        "average_filled_turnover": 0.061046719561825995,
        "average_transaction_cost": 9.157007934273897e-05,
        "average_buy_reject_count": 0.0,
        "average_sell_reject_count": 6.396825396825397,
        "average_partial_fill_count": 18.841269841269842,
        "average_position_count": 31.46031746031746
      }
    },
    "validation": {
      "top_20_keep_2x": {
        "net": {
          "period_count": 94,
          "mean": 0.0011583171047711898,
          "std": 0.04464464405213753,
          "ir": 0.025945264641789235,
          "win_rate": 0.43617021276595747,
          "cumulative_return": 0.019428493572974714,
          "annualized_return": 0.010370482856867591,
          "annualized_vol": 0.31694553132063524,
          "sharpe_like": 0.03272007910525288,
          "max_drawdown": -0.3654282969166278
        },
        "gross": {
          "period_count": 94,
          "mean": 0.0012071867098602674,
          "std": 0.044648008920638554,
          "ir": 0.027037862136383983,
          "win_rate": 0.43617021276595747,
          "cumulative_return": 0.024112416780727175,
          "annualized_return": 0.012856902048325125,
          "annualized_vol": 0.3169694195172493,
          "sharpe_like": 0.04056196357335178,
          "max_drawdown": -0.3643569165480942
        },
        "excess_vs_benchmark": {
          "period_count": 94,
          "mean": 0.0031134947831416653,
          "std": 0.024858850050823184,
          "ir": 0.1252469352675694,
          "win_rate": 0.5425531914893617,
          "cumulative_return": 0.30189261912507015,
          "annualized_return": 0.15194512324605758,
          "annualized_vol": 0.17648032826013588,
          "sharpe_like": 0.8609748448681891,
          "max_drawdown": -0.17343809440979274
        },
        "excess_vs_executable_universe": {
          "period_count": 94,
          "mean": 0.0034300879891264904,
          "std": 0.016244528150049547,
          "ir": 0.21115343932695443,
          "win_rate": 0.5638297872340425,
          "cumulative_return": 0.36321615335501556,
          "annualized_return": 0.1807272773181221,
          "annualized_vol": 0.11532470948940088,
          "sharpe_like": 1.5671166926696847,
          "max_drawdown": -0.10783492732628897
        },
        "benchmark": {
          "period_count": 94,
          "mean": -0.001955177678370475,
          "std": 0.04161548151582112,
          "ir": -0.04698197899325441,
          "win_rate": 0.425531914893617,
          "cumulative_return": -0.2293689788888812,
          "annualized_return": -0.13037812252061565,
          "annualized_vol": 0.2954406106316461,
          "sharpe_like": -0.44130061280969407,
          "max_drawdown": -0.39877050753899146
        },
        "executable_universe": {
          "period_count": 94,
          "mean": -0.002271770884355301,
          "std": 0.04481789571712128,
          "ir": -0.05068892343125877,
          "win_rate": 0.40425531914893614,
          "cumulative_return": -0.26163166753494027,
          "annualized_return": -0.1500919559010745,
          "annualized_vol": 0.3181754961277537,
          "sharpe_like": -0.4717269485793765,
          "max_drawdown": -0.4187087274130775
        },
        "average_desired_turnover": 0.67827163954794,
        "average_filled_turnover": 0.032579736726052674,
        "average_transaction_cost": 4.8869605089079024e-05,
        "average_buy_reject_count": 0.0,
        "average_sell_reject_count": 2.6702127659574466,
        "average_partial_fill_count": 20.98936170212766,
        "average_position_count": 28.872340425531913
      }
    }
  },
  "method": "isolated_clean_resid_t1_open_top20_keep2x"
}